season,team,conference,firstDowns,firstDownsOpponent,fourthDownConversions,fourthDownConversionsOpponent,fourthDowns,fourthDownsOpponent,fumblesLost,fumblesLostOpponent,fumblesRecovered,fumblesRecoveredOpponent,games,interceptionTDs,interceptionTDsOpponent,interceptionYards,interceptionYardsOpponent,interceptions,interceptionsOpponent,kickReturnTDs,kickReturnTDsOpponent,kickReturnYards,kickReturnYardsOpponent,kickReturns,kickReturnsOpponent,netPassingYards,netPassingYardsOpponent,passAttempts,passAttemptsOpponent,passCompletions,passCompletionsOpponent,passesIntercepted,passesInterceptedOpponent,passingTDs,passingTDsOpponent,penalties,penaltiesOpponent,penaltyYards,penaltyYardsOpponent,possessionTime,possessionTimeOpponent,puntReturnTDs,puntReturnTDsOpponent,puntReturnYards,puntReturnYardsOpponent,puntReturns,puntReturnsOpponent,rushingAttempts,rushingAttemptsOpponent,rushingTDs,rushingTDsOpponent,rushingYards,rushingYardsOpponent,sacks,sacksOpponent,tacklesForLoss,tacklesForLossOpponent,thirdDownConversions,thirdDownConversionsOpponent,thirdDowns,thirdDownsOpponent,totalYards,totalYardsOpponent,turnovers,turnoversOpponent
2025,Air Force,Mountain West,264,247,24,10,34,16,5,3,3,5,12,0,0,67,55,7,7,0,0,190,352,9,22,1742,3176,164,336,97,234,7,7,13,17,43,65,375,536,24388,18812,0,0,8,51,3,8,653,361,33,27,3138,1915,15,16,40,46,78,69,153,137,4880,5091,12,10
2025,Akron,Mid-American,241,234,12,7,25,19,8,8,8,8,12,1,0,112,116,9,12,0,2,721,543,35,31,2628,2750,404,355,209,214,12,9,20,20,70,71,549,668,21504,21696,0,0,47,239,10,23,430,432,9,18,1637,1874,25,34,70,72,52,54,169,154,4265,4624,17,20
2025,Alabama,SEC,305,240,22,16,36,23,8,9,9,8,15,3,1,222,136,5,11,0,1,341,380,20,22,3953,2554,523,396,343,246,11,5,32,16,67,85,591,787,28422,25578,0,0,232,138,25,13,465,508,21,17,1563,1904,33,33,86,69,85,75,204,201,5516,4458,13,20
2025,App State,Sun Belt,274,296,20,11,32,20,7,6,6,7,13,0,3,99,174,15,13,0,0,552,288,29,15,3335,3478,508,467,299,296,13,15,23,22,88,67,816,645,22062,24731,1,0,197,128,18,18,410,469,12,23,1669,1944,29,28,75,59,61,78,186,184,5004,5422,22,19
2025,Arizona,Big 12,290,214,20,19,32,33,5,9,9,5,13,2,1,246,145,8,22,0,0,223,108,11,5,3318,2149,447,385,281,208,22,8,29,9,73,69,679,661,24143,22657,0,0,202,88,20,10,460,471,20,19,1985,1866,21,30,81,69,73,63,178,185,5303,4015,13,31
2025,Arizona State,Big 12,274,253,21,19,36,37,12,7,7,12,13,0,0,16,29,9,8,0,0,277,468,16,24,2908,3035,430,459,251,277,8,9,20,20,93,73,751,701,24611,22189,0,0,132,252,14,17,494,444,18,20,2508,1617,34,27,86,74,61,69,187,192,5416,4652,21,15
2025,Arkansas,SEC,279,285,9,11,17,16,9,3,3,9,12,1,1,160,111,11,6,0,1,269,350,12,14,3155,2871,381,339,231,213,6,11,22,22,93,73,804,607,20898,22302,1,1,138,105,19,7,403,471,25,24,2306,2246,22,29,65,62,67,67,142,151,5461,5117,20,9
2025,Arkansas State,Sun Belt,288,271,15,8,25,15,11,9,10,11,13,1,0,71,105,12,7,2,0,706,471,33,25,3377,3176,508,391,334,267,7,12,20,21,82,117,752,1014,23029,23771,0,0,170,67,25,11,448,492,14,24,1606,2233,39,28,81,79,77,75,196,180,4983,5409,23,16
2025,Army,American Athletic,244,242,39,21,56,36,6,8,8,6,13,1,0,104,70,5,8,0,1,82,622,7,30,1051,2475,126,359,68,228,8,5,6,15,34,63,285,488,26986,19814,0,0,83,35,10,8,747,442,31,18,3315,1991,14,7,44,48,77,74,187,165,4366,4466,11,16
2025,Auburn,SEC,249,230,12,15,23,22,4,6,6,4,12,2,1,250,125,4,11,1,0,459,264,22,12,2365,2758,362,381,221,238,11,4,11,15,93,69,764,630,21190,22010,0,0,60,48,16,8,453,413,23,12,2123,1195,31,42,79,76,65,60,166,171,4488,3953,8,17
2025,BYU,Big 12,306,251,18,18,31,39,9,7,7,9,14,3,0,251,49,7,17,0,0,465,267,20,16,3096,2936,403,452,257,260,17,7,15,17,75,85,635,631,27476,22924,1,0,303,105,26,8,528,457,33,13,2508,1721,30,15,74,58,75,63,181,190,5604,4657,16,24
2025,Ball State,Mid-American,176,250,9,13,17,27,8,4,4,8,12,0,0,48,60,8,9,1,0,584,513,29,28,1656,2722,277,354,156,219,9,8,11,23,56,75,466,673,21409,21791,0,1,25,222,12,23,453,448,11,21,1604,2156,22,49,55,100,58,67,173,160,3260,4878,16,13
2025,Baylor,Big 12,297,267,26,12,49,19,12,2,2,12,12,1,2,108,176,12,9,0,1,767,512,34,25,3715,2334,510,344,309,214,9,12,31,17,72,75,737,771,21064,22136,0,0,141,32,18,12,409,480,12,30,1699,2368,12,22,48,62,65,65,172,159,5414,4702,24,11
2025,Boise State,Mountain West,310,233,19,9,37,23,7,9,9,7,14,3,0,209,125,14,14,0,1,498,331,26,13,3428,2457,472,399,274,217,14,14,23,17,97,109,832,914,27588,22794,0,0,75,89,13,12,550,467,29,25,2512,2273,28,26,84,67,99,62,216,184,5940,4730,21,23
2025,Boston College,ACC,250,251,16,11,31,19,9,6,6,9,12,1,1,76,91,12,6,0,0,376,495,20,24,3362,3068,454,374,287,240,6,12,20,23,71,81,596,730,21072,22128,0,0,137,39,14,13,376,419,16,25,1248,2144,16,36,46,73,64,63,164,154,4610,5212,21,12
2025,Bowling Green,Mid-American,199,212,8,8,19,20,2,10,10,2,12,0,1,4,194,12,6,1,0,817,495,32,27,1815,2420,286,321,166,189,6,12,13,15,80,72,732,605,22545,20655,0,2,109,195,19,11,472,406,13,17,1866,1690,22,29,74,68,62,50,169,147,3681,4110,14,16
2025,Buffalo,Mid-American,233,222,10,16,25,27,8,8,9,8,12,0,1,151,103,14,7,0,0,495,390,24,19,2748,2237,411,344,235,191,7,14,19,17,65,59,548,435,20205,22995,1,0,229,107,22,19,413,498,15,16,1598,1893,34,23,73,67,63,66,176,192,4346,4130,22,15
2025,California,ACC,259,255,12,12,23,19,6,5,6,6,13,0,2,107,187,10,8,0,0,364,712,20,37,3579,2670,505,420,322,259,8,10,20,14,101,96,840,817,23582,23218,0,0,259,129,24,19,385,427,21,24,1073,2035,20,31,60,70,72,75,178,180,4652,4705,16,13
2025,Central Michigan,Mid-American,220,253,15,10,26,28,9,8,8,9,13,2,0,150,45,7,13,0,0,336,673,18,34,2172,2722,253,408,176,238,13,7,16,18,78,79,633,702,25038,21724,0,1,69,123,9,11,538,439,17,18,2146,1912,29,24,69,75,56,73,164,180,4318,4634,16,21
2025,Charlotte,American Athletic,187,310,11,15,24,26,10,8,8,10,12,0,2,104,239,13,7,1,0,548,158,22,9,2448,3260,379,402,225,274,7,13,14,24,73,51,610,550,20240,22960,0,0,104,187,10,21,363,483,5,30,982,2404,14,27,48,72,59,68,171,156,3430,5664,23,15
2025,Cincinnati,Big 12,255,294,18,24,25,37,8,8,8,8,13,1,1,116,40,6,2,0,0,242,309,11,18,2992,2865,363,389,224,260,2,6,29,20,92,65,846,499,18939,27861,0,1,156,111,16,10,401,537,21,19,2307,2323,22,8,55,40,55,77,142,188,5299,5188,14,10
2025,Clemson,ACC,273,247,20,12,36,29,8,8,8,8,13,1,1,64,94,7,9,0,1,266,316,14,11,3481,3270,474,484,309,294,9,7,22,18,57,78,547,705,24200,22716,0,0,134,20,20,11,410,386,20,10,1618,1374,34,21,85,65,60,58,175,181,5099,4642,15,17
2025,Coastal Carolina,Sun Belt,225,281,10,12,19,30,9,11,8,10,13,0,2,87,155,13,12,1,1,543,471,23,20,2204,3061,399,415,218,259,12,13,16,25,89,95,744,820,21887,24913,1,1,147,372,22,29,471,527,15,23,2032,2728,19,23,70,76,62,71,188,184,4236,5789,22,23
2025,Colorado,Big 12,208,260,7,19,21,31,6,9,10,6,12,0,0,50,183,11,6,0,0,686,139,30,7,2433,2438,356,323,210,179,6,11,17,18,68,72,599,680,20755,22445,0,0,79,247,11,25,424,505,15,25,1520,2681,14,39,60,97,68,56,177,159,3953,5119,17,15
2025,Colorado State,Mountain West,220,256,14,13,30,19,8,8,8,8,12,0,0,69,127,12,8,0,0,319,272,17,12,2591,2653,394,325,243,205,8,12,15,18,70,80,675,712,19324,23876,1,0,212,110,15,19,363,490,13,30,1299,2460,16,32,46,74,52,73,158,157,3890,5113,20,16
2025,Delaware,Conference USA,296,273,19,18,36,26,11,5,5,12,13,1,2,94,82,8,14,0,0,693,326,30,17,3790,3192,541,427,337,265,14,8,24,21,69,85,649,830,23638,23162,1,0,94,109,6,18,408,451,20,25,1550,2081,26,27,80,74,79,73,190,183,5340,5273,19,19
2025,Duke,ACC,315,314,32,15,43,29,8,10,10,8,14,1,0,167,16,6,14,1,0,652,373,22,20,3995,3870,506,462,336,310,14,6,34,21,90,90,878,842,24969,25431,1,0,116,45,10,12,454,482,26,29,1935,2062,26,27,94,75,71,83,182,183,5930,5932,14,24
2025,East Carolina,American Athletic,303,250,15,17,32,38,8,14,14,8,13,1,2,215,68,6,10,0,0,281,699,16,35,3545,3000,440,454,285,288,10,6,22,16,94,74,799,640,22095,24705,0,0,83,101,13,9,559,435,31,11,2292,1563,30,19,101,69,94,57,199,187,5837,4563,14,24
2025,Eastern Michigan,Mid-American,243,246,11,11,18,19,3,2,2,3,12,0,1,42,114,11,7,0,0,493,508,26,23,2817,2200,404,294,247,178,7,11,18,16,68,74,586,681,20205,22957,0,0,55,172,6,18,389,501,16,29,1713,2770,13,11,49,46,71,76,173,164,4530,4970,14,9
2025,Florida,SEC,228,233,8,13,19,20,4,7,7,4,12,0,1,110,217,14,10,0,0,209,170,15,9,2455,2675,374,334,234,214,10,14,18,13,61,74,524,593,21441,21759,0,0,146,49,13,7,384,458,10,21,1641,1858,25,20,60,61,52,74,151,169,4096,4533,18,17
2025,Florida Atlantic,American Athletic,297,275,41,18,62,31,9,5,5,9,12,0,1,28,172,20,3,0,0,686,301,31,16,4086,2822,581,370,384,238,3,20,28,20,79,90,672,805,20553,22647,2,0,304,107,16,9,354,507,13,35,1262,2412,22,21,65,72,70,84,190,185,5348,5234,29,8
2025,Florida International,Conference USA,268,273,19,14,39,33,8,9,9,8,13,0,0,161,33,13,12,0,0,557,881,28,44,2800,3256,429,458,257,278,12,13,20,26,85,81,722,762,24666,22134,1,2,204,173,17,21,485,446,26,20,2361,2101,30,23,69,70,69,72,193,182,5161,5357,21,21
2025,Florida State,ACC,289,223,17,18,30,27,10,2,2,10,12,0,0,149,175,9,12,0,0,254,34,12,4,3041,2289,339,326,200,203,12,9,20,20,65,76,544,642,20708,22492,0,0,139,27,12,3,505,460,31,12,2626,1660,31,24,73,59,80,66,158,172,5667,3949,19,14
2025,Fresno State,Mountain West,246,214,9,11,21,22,7,5,6,7,13,2,2,232,191,13,20,0,0,464,418,22,26,2384,1998,373,369,239,198,20,13,14,18,86,90,788,792,25211,21588,1,0,181,24,22,8,482,420,22,9,2219,1738,24,19,67,71,64,63,176,175,4603,3736,20,25
2025,Georgia,SEC,339,227,15,10,20,23,6,4,4,6,14,0,0,30,114,7,9,0,0,211,179,11,13,3083,3031,417,458,287,279,9,7,25,14,64,78,609,622,28289,22111,0,0,243,29,22,6,576,387,31,14,2553,1142,19,18,58,79,79,65,182,185,5636,4173,13,13
2025,Georgia Southern,Sun Belt,287,324,9,9,16,20,4,7,7,4,13,0,1,29,128,9,12,1,2,838,898,38,36,3211,3123,431,415,273,264,12,9,26,15,69,88,655,734,23019,23781,0,0,73,109,11,15,461,496,18,35,2019,2848,12,29,60,66,80,77,179,167,5230,5971,13,19
2025,Georgia State,Sun Belt,235,282,15,12,34,20,6,3,3,6,12,0,1,48,104,11,3,0,0,510,200,29,7,3053,2889,475,340,288,219,3,11,22,25,103,71,815,639,21730,21470,0,1,10,357,8,24,366,491,9,31,1485,2515,18,19,58,62,68,76,176,162,4538,5404,17,6
2025,Georgia Tech,ACC,304,275,7,15,16,23,8,5,5,7,13,0,1,57,110,7,4,0,0,334,221,20,13,3413,3053,394,407,275,253,4,7,16,19,78,81,614,720,22662,24141,0,0,153,109,15,11,462,465,31,21,2569,2140,27,10,63,58,71,71,154,177,5982,5193,15,9
2025,Hawai'i,Mountain West,266,251,12,8,20,24,5,7,7,6,13,2,3,134,287,12,8,1,0,366,684,15,36,3778,2953,540,394,350,234,8,12,30,15,100,90,855,830,24923,21871,0,1,77,249,12,16,365,415,8,19,1361,1748,29,30,62,58,89,57,198,158,5139,4701,17,15
2025,Houston,Big 12,287,235,19,13,32,26,4,6,6,5,13,2,2,139,246,10,12,0,1,419,751,22,29,2813,2845,377,403,242,243,12,10,26,16,60,98,521,867,25204,21596,0,0,128,247,21,17,545,450,17,17,2322,1677,28,19,61,68,80,66,196,184,5135,4522,14,18
2025,Illinois,Big Ten,276,261,13,16,23,28,5,10,10,5,13,0,0,32,49,6,6,0,1,245,362,12,13,3065,2839,372,429,251,273,6,6,23,19,60,75,513,675,24112,22688,1,1,213,38,13,9,457,415,21,17,1796,1650,28,32,64,72,64,76,152,169,4861,4489,11,16
2025,Indiana,Big Ten,380,211,10,14,18,28,1,11,11,1,16,2,1,122,142,7,19,0,0,208,708,10,36,3826,3021,406,487,292,302,19,7,46,10,60,65,441,559,32139,25446,3,0,414,126,27,18,650,413,35,8,3475,1235,46,25,129,66,112,62,199,206,7301,4256,8,30
2025,Iowa,Big Ten,227,204,12,5,18,20,5,3,3,5,13,1,0,161,31,8,11,1,0,560,392,22,27,1861,2245,286,372,180,215,11,8,12,9,39,50,392,410,24540,22260,3,0,609,80,22,8,504,402,28,12,2300,1449,25,18,62,55,70,56,161,165,4161,3694,13,14
2025,Iowa State,Big 12,253,212,19,11,28,25,5,7,7,5,12,0,1,132,98,9,11,0,0,190,970,12,47,2657,2622,346,387,210,237,11,9,16,14,55,78,480,694,22736,20464,1,0,215,15,11,7,478,368,23,14,2090,1667,13,22,60,60,65,62,163,160,4747,4289,14,18
2025,Jacksonville State,Conference USA,297,293,16,18,30,35,7,10,10,8,14,1,1,270,49,6,14,0,1,192,697,13,32,2265,3283,328,446,195,273,14,6,13,19,80,90,788,748,25572,24828,0,0,47,107,9,12,647,503,32,22,3467,2026,28,23,76,82,77,68,199,187,5732,5309,13,24
2025,James Madison,Sun Belt,315,204,11,12,21,26,6,3,3,6,14,2,0,200,47,10,14,1,0,478,583,22,28,2956,2542,385,420,225,214,14,10,26,18,105,78,1015,672,28743,21657,0,1,196,81,24,10,598,425,38,9,3412,1196,35,23,85,62,91,57,195,195,6368,3738,16,17
2025,Kansas,Big 12,247,234,16,19,28,29,5,6,6,5,12,0,1,32,141,8,4,1,0,585,286,26,15,2640,2569,345,354,211,227,4,8,23,19,60,67,477,572,22080,21120,0,0,134,83,20,17,426,438,17,19,2037,2078,24,20,75,53,58,71,149,175,4677,4647,13,10
2025,Kansas State,Big 12,206,249,18,18,32,37,8,13,13,8,12,1,1,87,90,7,13,1,0,678,502,27,23,2380,2669,342,391,204,222,13,7,18,14,49,53,459,402,20887,22313,0,0,70,79,15,16,398,483,23,23,2067,1966,28,13,72,69,58,71,157,180,4447,4635,15,26
2025,Kennesaw State,Conference USA,301,298,13,15,22,31,7,6,6,8,14,0,2,129,230,11,9,0,0,530,736,27,39,3403,3061,423,421,260,257,9,11,26,19,105,103,935,934,23611,26824,1,0,234,59,25,12,540,555,20,25,2241,2587,31,27,90,76,76,76,190,197,5644,5648,18,15
2025,Kent State,Mid-American,171,284,14,10,30,22,7,4,4,7,12,0,1,109,56,6,6,2,0,622,325,32,17,2365,2832,293,389,163,232,6,6,20,25,73,68,585,643,19974,23226,1,1,211,200,16,22,395,494,10,22,1180,2307,24,27,70,73,43,78,156,175,3545,5139,13,10
2025,Kentucky,SEC,236,240,11,14,21,30,8,2,2,8,12,0,2,191,219,14,12,0,0,277,229,15,9,2423,2879,367,358,229,221,12,14,15,16,59,78,492,692,22059,21141,0,0,53,176,13,15,431,437,19,20,1671,1616,25,29,69,72,64,63,159,158,4094,4495,22,14
2025,LSU,SEC,244,243,8,14,13,27,7,4,4,7,13,1,0,230,16,7,17,1,0,562,288,23,13,2984,2660,443,414,291,247,17,7,20,14,91,91,771,768,23605,23195,0,2,192,371,19,24,372,429,10,15,1362,1618,27,29,68,80,64,61,174,177,4344,4278,14,21
2025,Liberty,Conference USA,244,242,13,14,25,23,8,7,7,8,12,0,0,136,44,13,7,1,0,577,416,27,23,2346,2361,316,350,174,203,7,13,11,17,74,63,667,551,22076,21124,0,0,36,80,12,11,500,449,25,23,2316,2161,16,25,49,60,67,75,167,171,4662,4522,21,14
2025,Louisiana,Sun Belt,246,278,11,12,20,23,5,9,9,5,13,1,2,91,180,14,9,1,1,684,799,32,41,2095,2912,342,379,187,252,9,14,12,18,77,85,605,846,23479,23321,0,0,29,139,12,21,515,513,26,25,2378,2433,22,24,59,78,78,74,192,173,4473,5345,19,18
2025,Louisiana Tech,Conference USA,249,266,8,8,16,22,7,3,3,5,13,5,0,312,115,10,22,2,0,657,141,29,7,2134,3121,313,484,196,266,22,10,8,19,100,104,1006,874,23433,23367,0,0,276,162,26,23,534,415,29,13,2537,1753,20,22,77,66,73,72,178,185,4671,4874,17,25
2025,Louisville,ACC,255,220,9,10,14,26,8,6,6,8,13,0,3,37,249,9,14,0,0,380,346,17,20,2868,2454,418,409,268,242,14,9,18,15,90,96,821,762,23559,23241,2,0,501,65,30,12,420,427,25,13,2132,1486,31,24,77,69,59,60,167,181,5000,3940,17,20
2025,Marshall,Sun Belt,255,239,7,11,16,21,9,8,8,8,12,3,0,219,38,6,13,0,0,560,207,26,9,2495,3140,335,368,218,215,13,6,18,24,82,64,719,550,21662,21538,0,0,217,69,22,14,497,459,23,21,2378,1787,28,17,73,58,58,73,165,183,4873,4927,15,21
2025,Maryland,Big Ten,219,271,9,16,25,31,5,2,2,5,12,4,0,335,64,9,19,0,1,252,947,17,40,3068,2718,491,383,284,242,19,9,18,25,72,60,669,506,19425,23775,0,0,128,95,18,11,304,477,9,13,1266,2111,27,9,65,44,63,72,172,171,4334,4829,14,21
2025,Massachusetts,Mid-American,186,277,6,13,26,19,7,5,5,7,12,1,0,86,74,9,4,0,1,160,562,9,23,1981,2550,415,296,223,200,4,9,8,29,62,56,497,511,19392,23808,0,1,43,352,10,19,352,522,6,30,989,2665,13,33,40,90,54,70,176,150,2970,5215,16,9
2025,Memphis,American Athletic,295,248,14,11,25,22,3,7,7,3,13,2,0,113,132,9,12,1,0,288,314,14,19,2969,2953,412,392,278,238,12,9,17,16,72,84,625,674,24676,22123,0,0,125,22,15,6,471,460,34,22,2381,1717,21,33,78,80,70,73,168,183,5350,4670,12,19
2025,Miami,ACC,349,273,15,15,22,29,3,9,9,3,16,3,0,306,47,12,16,0,0,368,154,17,8,4051,3278,496,521,355,312,16,12,32,13,112,72,916,604,31751,25849,0,1,307,59,24,14,564,483,28,12,2428,1429,50,20,102,58,93,66,200,213,6479,4707,15,25
2025,Miami (OH),Mid-American,247,261,11,11,26,23,4,6,6,4,14,1,1,148,190,11,14,1,1,555,681,21,26,2622,2805,368,436,183,247,14,11,17,22,78,76,688,555,25035,25365,1,0,194,99,20,10,492,501,17,12,2111,1879,41,26,81,54,61,86,176,202,4733,4684,15,20
2025,Michigan,Big Ten,262,239,7,17,18,29,7,6,5,7,13,0,0,24,55,10,13,0,0,424,331,24,19,2428,2748,340,426,202,271,13,10,11,17,57,67,508,562,23235,23565,0,0,75,119,18,17,497,424,33,14,2745,1459,28,21,76,54,72,67,165,179,5173,4207,17,19
2025,Michigan State,Big Ten,226,234,12,11,27,23,6,4,5,6,12,0,1,0,57,6,5,1,0,325,274,13,17,2672,2776,378,367,240,242,5,6,20,23,63,64,539,507,21740,21301,0,2,150,398,12,27,388,387,16,21,1472,1783,22,37,56,93,55,63,159,150,4144,4559,12,9
2025,Middle Tennessee,Conference USA,235,259,7,10,26,16,5,4,5,6,12,0,0,126,107,7,10,0,0,382,217,18,13,3179,3074,499,374,298,241,10,7,23,31,87,55,812,524,20710,22490,0,0,109,142,16,12,314,433,11,17,1273,1757,22,30,62,62,65,63,175,161,4452,4831,12,14
2025,Minnesota,Big Ten,222,229,6,9,14,15,2,7,7,3,13,2,1,168,132,7,9,0,1,554,274,24,12,2469,2737,399,370,251,248,9,7,19,16,49,74,403,630,22924,23501,0,1,117,181,21,17,375,421,15,16,1345,1582,39,23,92,60,67,67,167,166,3814,4319,9,16
2025,Mississippi State,SEC,281,282,13,8,29,16,6,5,5,6,13,0,3,132,111,9,13,0,1,118,350,9,14,3138,2893,390,396,243,239,13,9,20,24,94,110,801,919,22377,24123,0,1,179,158,13,14,550,492,29,19,2051,2432,21,44,56,98,82,74,192,179,5189,5325,15,18
2025,Missouri,SEC,300,205,13,10,22,18,6,5,5,6,13,3,0,142,89,11,7,0,0,421,554,21,32,2449,2255,361,379,229,215,7,11,15,15,71,89,665,704,24848,21952,1,0,218,83,18,11,556,417,31,12,2970,1323,37,28,90,64,79,66,176,187,5419,3578,17,12
2025,Missouri State,Conference USA,266,267,8,9,13,19,7,7,8,7,13,0,1,109,229,11,8,0,1,619,513,32,30,3636,2983,435,412,277,265,8,11,30,19,99,97,864,989,24448,22352,0,1,97,259,16,20,411,428,12,26,1478,2006,24,52,53,112,62,70,171,174,5114,4989,18,15
2025,NC State,ACC,265,276,13,9,26,22,3,6,6,3,13,1,1,157,252,10,9,0,1,292,653,16,28,3194,3551,413,469,280,295,9,10,26,22,72,91,699,841,23359,23441,0,0,59,201,14,15,423,415,27,17,1912,1812,20,24,66,75,68,84,165,184,5106,5363,13,15
2025,Navy,American Athletic,265,250,17,26,25,35,8,8,8,8,13,1,0,36,7,6,7,0,0,466,531,22,28,1690,2990,182,372,106,239,7,6,12,21,74,57,628,448,25439,21361,0,0,63,106,7,12,642,451,41,20,3719,1839,27,9,58,39,85,66,164,168,5409,4829,14,15
2025,Nebraska,Big Ten,264,232,10,16,28,24,4,7,7,4,13,0,1,21,78,7,6,1,0,780,443,31,27,2920,2003,378,314,260,183,6,7,23,9,60,62,565,542,23855,22945,1,0,341,23,25,6,445,468,20,30,1922,2300,22,33,65,62,74,66,162,168,4842,4303,11,13
2025,Nevada,Mountain West,207,239,13,14,24,23,10,4,5,10,12,2,2,191,96,17,11,1,1,396,282,16,9,1766,2642,308,356,182,231,11,17,10,12,63,84,542,709,21837,21369,0,1,119,120,17,12,415,424,9,24,1863,1804,19,18,63,67,50,61,156,160,3629,4446,27,15
2025,New Mexico,Mountain West,252,248,21,17,32,33,13,8,8,13,13,0,1,99,44,10,9,2,0,608,339,24,18,2662,2986,350,412,227,282,9,10,17,19,75,95,630,829,23448,23352,1,0,55,59,13,15,464,430,22,14,1981,1476,36,34,77,64,65,72,165,179,4643,4462,23,17
2025,New Mexico State,Conference USA,244,259,7,8,17,17,8,8,8,8,12,1,1,164,218,16,15,0,1,282,375,15,20,3004,2843,472,408,276,260,15,16,17,25,74,98,653,919,21670,21498,0,0,92,95,17,20,356,448,9,14,929,1982,18,34,60,77,78,74,187,180,3933,4825,24,23
2025,North Carolina,ACC,199,250,11,24,15,32,9,6,6,8,12,0,1,70,45,6,6,0,0,402,249,22,12,2207,2535,355,384,227,245,6,6,13,15,79,62,751,610,20454,22744,0,0,137,152,17,18,346,432,11,19,1262,1504,31,22,61,64,58,72,157,170,3469,4039,15,12
2025,North Texas,American Athletic,357,283,25,23,36,37,10,13,13,10,14,0,1,232,142,9,15,0,0,541,804,25,45,4442,2327,477,387,325,218,15,9,35,16,78,90,637,782,23840,26560,0,1,98,80,18,6,513,606,49,28,2718,3022,24,18,74,54,79,86,172,203,7160,5349,19,28
2025,Northern Illinois,Mid-American,180,239,22,14,37,24,5,4,4,5,12,0,0,24,43,6,9,1,2,549,482,25,20,1186,2087,244,317,129,188,9,6,8,11,52,69,456,557,21041,22159,0,0,91,146,10,19,497,476,16,21,2227,2205,14,19,40,61,55,70,173,163,3413,4292,11,13
2025,Northwestern,Big Ten,256,225,17,8,29,18,8,11,11,8,13,0,0,100,125,13,9,0,1,227,746,11,33,2417,2516,378,347,224,223,9,13,17,13,55,60,440,578,25201,21599,0,0,27,60,15,12,449,412,16,18,2092,1772,23,16,52,52,75,64,175,153,4509,4288,21,20
2025,Notre Dame,FBS Independents,270,222,17,14,31,32,4,2,2,4,12,3,1,270,92,6,21,2,0,531,324,21,15,3061,2561,322,413,217,230,21,6,25,14,66,79,637,689,21094,22106,2,0,212,11,19,2,418,400,38,8,2453,1196,34,12,69,53,65,63,135,178,5514,3757,10,23
2025,Ohio,Mid-American,281,240,17,17,29,29,8,5,5,8,13,1,0,176,80,11,12,1,0,398,671,18,30,2394,2705,312,360,192,231,12,11,14,19,80,57,628,499,25057,21558,0,1,160,117,12,14,552,427,32,15,2966,1875,22,26,64,48,70,54,165,162,5360,4580,19,17
2025,Ohio State,Big Ten,317,184,12,11,18,28,3,6,6,3,14,0,1,50,91,8,8,1,0,202,266,9,16,3755,1816,408,342,313,208,8,8,33,7,57,50,539,392,27727,22673,0,0,222,6,20,4,471,425,25,5,2167,1251,35,16,78,56,80,54,152,177,5922,3067,11,14
2025,Oklahoma,SEC,241,194,8,11,14,24,5,4,4,4,13,1,1,177,162,11,9,0,0,17,369,4,21,3066,2538,431,407,265,240,9,11,17,11,88,58,795,469,23196,23604,0,1,255,252,20,27,433,416,18,7,1543,1008,45,30,123,73,71,53,184,189,4609,3546,16,13
2025,Oklahoma State,Big 12,187,254,10,18,25,22,7,6,7,7,12,1,3,89,208,10,6,0,1,248,418,16,20,2089,3015,365,338,210,222,6,10,7,27,63,66,568,564,20793,22407,0,0,83,158,19,24,403,457,10,19,1421,2006,22,22,67,71,62,72,178,166,3510,5021,17,12
2025,Old Dominion,Sun Belt,292,230,5,8,16,28,14,11,11,14,13,0,1,110,112,10,15,0,0,171,947,10,49,2808,2490,330,409,191,247,15,10,21,16,78,96,700,859,22228,24572,0,1,305,130,25,13,552,490,31,13,3106,1822,39,20,90,58,72,66,174,193,5914,4312,24,26
2025,Ole Miss,SEC,381,288,21,13,31,34,6,6,6,6,15,0,0,28,139,8,9,0,0,188,178,9,11,4700,2984,523,458,340,260,9,8,26,17,83,88,786,769,25887,28113,0,0,119,76,16,13,572,538,39,20,2651,2238,33,19,83,70,84,77,195,207,7351,5222,14,15
2025,Oregon,Big Ten,329,232,18,23,32,36,5,6,7,5,15,3,1,156,110,10,15,0,0,202,401,10,20,3804,2369,437,424,313,226,15,10,31,19,76,85,746,623,27733,26270,2,0,350,27,31,7,550,504,35,13,2979,1753,30,19,75,64,87,83,187,219,6783,4122,15,21
2025,Oregon State,Pac-12,245,227,8,8,20,18,7,2,1,7,12,0,1,131,169,13,8,0,1,473,692,27,29,2705,2657,431,347,260,197,8,13,14,22,71,92,599,772,22948,20251,0,2,80,594,10,35,407,407,15,17,1527,1907,16,26,63,60,61,50,170,153,4232,4564,20,10
2025,Penn State,Big Ten,255,229,19,15,32,33,3,7,7,3,13,1,0,81,63,7,6,0,0,472,374,24,19,2439,2395,339,366,226,230,6,7,16,16,53,47,485,358,23009,23791,1,0,174,72,21,9,475,453,30,16,2267,1864,31,19,80,63,71,72,163,176,4706,4259,10,13
2025,Pittsburgh,ACC,270,230,20,12,33,30,8,6,6,8,13,4,1,372,223,15,15,0,0,582,655,26,31,3556,3059,464,431,289,271,15,15,29,28,95,102,876,955,22566,24234,2,0,293,89,20,13,430,453,18,12,1530,1237,31,44,100,79,59,60,177,184,5086,4296,23,21
2025,Purdue,Big Ten,231,262,15,11,25,18,8,5,5,8,12,0,2,18,173,13,4,0,1,627,323,29,13,2606,2900,404,311,238,202,4,13,15,15,58,50,562,494,20182,23018,0,0,26,59,8,16,376,456,11,29,1517,2187,24,19,64,66,61,63,159,145,4123,5087,21,9
2025,Rice,American Athletic,222,264,21,14,38,24,7,4,4,7,13,0,2,7,121,4,3,0,0,443,171,24,11,1269,3122,224,375,148,231,3,4,11,25,62,74,644,642,25524,21276,0,0,39,221,8,23,647,457,20,26,2662,2131,25,19,65,104,67,74,197,170,3931,5253,11,7
2025,Rutgers,Big Ten,279,249,21,11,34,15,4,6,7,4,12,0,0,108,25,7,5,0,1,189,467,11,25,3193,2675,378,312,234,204,5,7,22,23,49,59,391,555,23422,19778,3,0,91,59,6,5,465,366,19,25,1698,2533,11,38,47,69,68,46,160,114,4891,5208,11,11
2025,SMU,ACC,269,282,8,21,12,39,6,10,10,6,13,3,0,287,83,13,18,0,0,314,646,17,35,3680,3681,460,522,305,318,18,13,26,26,91,92,921,796,20965,25835,0,0,168,60,17,17,400,455,25,5,1741,1457,36,19,82,72,69,75,169,208,5421,5138,19,28
2025,Sam Houston,Conference USA,200,291,10,11,33,19,6,10,10,6,12,1,4,155,304,10,8,1,0,626,519,31,23,2208,3311,389,371,213,261,8,10,12,20,77,67,713,650,20526,22674,1,0,125,174,13,18,370,461,10,33,1594,2490,21,35,63,87,36,68,162,153,3802,5801,16,18
2025,San Diego State,Mountain West,233,209,13,19,25,36,5,3,3,5,13,3,1,243,98,10,15,0,1,451,335,21,13,2053,2117,290,419,166,224,15,10,10,14,80,72,727,577,23621,23173,2,0,309,136,33,19,543,452,25,9,2586,1708,32,18,62,56,53,66,169,203,4628,3825,15,18
2025,San José State,Mountain West,241,249,6,23,23,29,10,7,7,12,12,1,2,108,292,17,7,0,1,469,572,24,24,3398,2943,487,344,273,226,7,17,17,18,70,84,658,724,20011,23189,0,1,57,103,8,10,313,468,14,25,1441,1906,18,10,52,37,69,61,162,166,4839,4849,27,14
2025,South Alabama,Sun Belt,247,240,19,20,35,27,6,9,9,6,12,0,0,45,70,6,6,0,1,99,573,10,25,2173,2459,310,340,212,207,6,6,13,19,78,85,659,666,22426,20122,0,0,130,180,12,19,531,442,30,25,2414,2112,12,21,56,60,75,60,176,157,4587,4571,12,15
2025,South Carolina,SEC,212,236,16,9,32,17,7,10,10,7,12,1,2,116,90,11,12,0,0,402,368,19,21,2703,2596,342,373,209,225,12,11,13,13,88,69,687,657,20147,23053,3,1,308,99,23,17,408,429,14,13,1339,1644,21,43,64,88,51,67,160,169,4042,4240,18,22
2025,South Florida,American Athletic,309,295,13,20,21,35,9,11,11,9,13,2,0,293,138,11,14,0,0,301,269,16,14,3583,3146,405,481,269,295,14,11,33,15,86,111,793,917,19816,26984,1,0,225,173,24,8,504,500,29,21,2759,1858,33,21,84,55,84,82,181,205,6342,5004,20,25
2025,Southern Miss,Sun Belt,281,287,10,13,21,23,4,6,6,4,13,2,2,411,229,11,23,0,0,327,316,15,13,3458,2979,454,430,289,272,23,11,26,13,97,109,782,916,21625,25168,1,0,195,62,18,16,469,544,18,31,1765,2271,30,22,78,66,75,91,189,200,5223,5250,15,29
2025,Stanford,ACC,209,254,14,14,24,24,5,10,10,5,12,1,2,19,221,12,3,0,0,394,345,22,17,2664,3467,391,445,224,294,3,12,14,22,72,94,649,730,21470,21730,0,0,37,278,7,21,388,377,8,17,1026,1437,23,41,59,69,69,72,183,170,3690,4904,17,13
2025,Syracuse,ACC,233,261,15,11,32,21,8,4,5,8,12,0,3,61,267,15,5,0,0,519,199,27,10,2607,3034,408,390,230,259,5,15,17,23,74,73,659,672,21936,21264,0,2,58,151,10,16,434,396,12,24,1477,2116,19,34,58,73,60,62,171,153,4084,5150,23,9
2025,TCU,Big 12,288,263,16,16,25,30,5,7,7,5,13,1,2,146,123,15,14,0,0,470,518,21,26,3771,3193,460,424,306,261,14,15,30,25,88,64,806,565,22515,24285,0,1,77,113,8,11,433,462,20,10,1713,1736,24,22,68,72,82,73,173,183,5484,4929,20,21
2025,Temple,American Athletic,219,249,14,17,19,23,2,8,8,2,12,1,0,106,15,2,7,0,0,364,322,22,14,2370,2394,348,309,215,189,7,2,28,18,60,61,603,502,21696,21504,0,0,174,9,12,5,398,473,13,27,1773,2368,16,19,55,58,59,59,157,148,4143,4762,4,15
2025,Tennessee,SEC,328,292,13,13,17,25,5,10,10,6,13,3,1,185,222,10,10,1,0,334,181,11,12,3807,3184,437,441,292,291,10,10,26,19,80,79,713,674,21347,25453,0,0,164,36,17,9,491,487,35,24,2290,1977,35,22,86,57,81,72,161,177,6097,5161,15,20
2025,Texas,SEC,247,249,9,14,17,31,2,7,7,2,13,0,0,51,94,7,16,0,0,345,492,22,24,3259,3054,420,465,258,291,16,7,28,18,108,75,906,561,22229,24571,2,0,484,155,22,17,423,430,17,13,1794,1351,39,23,82,78,69,64,176,194,5053,4405,9,23
2025,Texas A&M,SEC,293,205,12,7,17,17,5,7,7,5,13,0,0,52,180,14,3,0,0,454,404,21,22,3378,2296,408,381,248,214,3,14,26,17,94,78,789,654,25354,21446,2,1,525,219,35,16,495,406,28,13,2405,1700,43,19,110,43,71,38,174,169,5783,3996,19,10
2025,Texas State,Sun Belt,298,284,15,14,25,29,10,3,3,10,13,1,0,183,59,7,9,1,0,794,438,34,22,3261,2834,361,401,253,266,9,7,21,23,90,70,773,637,22754,24046,0,0,72,41,14,7,558,504,36,25,2895,2179,25,26,94,67,80,77,174,189,6156,5013,17,12
2025,Texas Tech,Big 12,318,194,11,14,22,42,8,15,15,9,14,1,0,214,28,10,17,1,0,479,247,18,15,3887,2630,486,483,318,286,17,10,33,11,95,66,780,512,25340,25060,0,0,255,89,27,10,548,434,30,8,2576,982,41,27,106,76,109,65,221,216,6463,3612,18,32
2025,Toledo,Mid-American,275,190,4,13,17,30,5,8,8,5,13,1,0,143,13,10,13,1,0,506,541,23,24,3095,2031,399,352,256,176,13,10,27,10,111,64,970,495,23738,23062,1,0,411,104,34,22,471,466,22,12,2310,1290,37,17,92,65,70,53,174,183,5405,3321,15,21
2025,Troy,Sun Belt,242,262,17,14,36,31,6,8,8,6,14,3,0,191,101,12,10,0,0,714,375,35,21,2929,2751,433,390,251,235,10,12,20,16,78,79,729,688,25131,25269,0,0,98,116,19,19,492,545,17,22,1372,2466,36,59,86,100,83,78,214,204,4301,5217,18,18
2025,Tulane,American Athletic,307,309,12,19,23,33,8,10,10,8,14,1,0,86,83,9,15,0,0,596,89,26,6,3432,3663,425,478,262,323,15,9,18,23,96,77,895,680,25923,24477,0,0,61,143,13,17,514,479,26,18,2329,1717,36,12,79,51,77,74,183,187,5761,5380,17,25
2025,Tulsa,American Athletic,266,251,24,16,42,31,9,4,4,9,12,0,0,56,111,10,7,0,0,523,328,30,20,2670,2571,409,346,241,220,7,10,15,21,61,65,458,643,20565,22635,0,0,96,94,11,14,485,509,18,22,2112,2190,23,24,64,82,72,79,190,184,4782,4761,19,11
2025,UAB,American Athletic,264,259,17,19,36,31,5,5,5,5,12,0,0,52,149,16,4,1,1,705,673,34,28,3187,2778,438,285,287,188,4,16,20,27,89,72,734,616,22543,20657,0,0,115,157,12,13,395,492,20,31,1665,2305,17,29,49,68,78,72,168,149,4852,5083,21,9
2025,UCF,Big 12,218,223,20,17,36,29,6,5,5,6,12,1,1,122,145,12,9,1,0,541,303,25,14,2649,2221,403,336,250,212,9,12,12,13,91,65,686,582,21542,21674,0,1,196,165,17,16,387,456,19,18,1898,1814,25,20,67,68,57,62,168,169,4547,4035,18,14
2025,UCLA,Big Ten,208,263,15,14,31,25,6,6,6,6,12,0,2,63,64,7,4,0,1,580,263,31,13,2163,2359,361,326,229,215,4,7,15,23,90,52,786,481,21012,22188,0,1,47,181,9,20,375,438,8,26,1675,2288,10,27,40,58,59,80,158,145,3838,4647,13,10
2025,UConn,FBS Independents,275,295,15,20,21,35,1,6,6,1,13,0,0,46,11,1,11,0,0,691,481,34,21,3690,2841,451,392,307,256,11,1,30,17,64,58,628,504,22492,24308,0,0,150,76,18,10,402,548,26,28,2141,2593,35,16,79,49,69,67,170,180,5831,5434,2,17
2025,UL Monroe,Sun Belt,209,242,10,15,26,25,7,4,4,7,12,0,2,15,130,12,5,0,1,95,437,12,33,1915,2670,302,353,171,223,5,12,15,21,88,63,780,598,21330,21870,0,0,98,163,12,15,428,454,12,23,1951,1955,23,20,66,85,49,74,150,173,3866,4625,19,9
2025,UNLV,Mountain West,324,301,14,19,24,36,8,10,10,8,14,3,2,205,154,9,14,0,1,449,748,23,32,3512,3384,424,442,279,266,14,9,24,23,107,96,927,874,25799,24601,2,0,103,62,14,13,494,476,33,24,2743,2484,30,25,66,79,76,56,168,170,6255,5868,17,24
2025,USC,Big Ten,308,259,14,10,22,21,6,6,6,6,13,2,0,225,39,10,12,0,1,344,526,20,20,3848,2698,420,394,280,259,12,10,26,22,76,73,705,745,23274,23367,0,1,89,103,8,6,423,426,29,15,2199,1859,31,15,72,50,78,63,152,157,6047,4557,16,18
2025,UTEP,Conference USA,202,253,20,15,37,32,4,7,7,4,12,0,3,10,304,20,5,0,0,440,551,32,29,2595,2662,410,380,224,235,5,20,21,19,71,91,685,774,18457,24743,1,1,174,196,25,25,375,489,14,17,1387,2044,28,26,82,75,53,49,175,174,3982,4706,24,12
2025,UTSA,American Athletic,283,248,13,15,28,34,5,7,7,5,13,2,2,154,125,7,11,0,1,218,609,14,27,3214,2896,447,395,298,237,11,7,34,26,95,84,893,780,24852,21948,0,2,119,282,19,22,444,455,21,16,2263,1951,24,21,77,75,69,64,174,185,5477,4847,12,18
2025,Utah,Big 12,331,242,16,21,25,38,7,3,3,7,13,3,0,364,16,5,15,0,0,202,386,16,20,2816,2312,373,384,234,190,15,5,27,12,77,79,624,643,24021,22779,1,0,304,27,24,6,573,488,41,18,3465,2341,34,15,82,52,92,65,174,187,6281,4653,12,18
2025,Utah State,Mountain West,268,294,7,18,13,36,6,4,4,6,13,1,0,126,5,5,13,0,0,316,607,16,30,3210,3365,403,478,242,282,13,5,26,26,99,80,782,735,21244,25538,0,1,60,184,14,20,445,483,25,19,2118,2362,29,42,64,87,59,81,171,201,5328,5727,11,17
2025,Vanderbilt,SEC,313,258,10,12,18,21,4,7,7,4,13,0,0,93,82,8,8,0,0,635,344,25,18,3735,3243,400,458,279,305,8,8,30,24,89,90,776,817,24419,22381,1,0,103,59,13,8,402,382,35,10,2287,1405,31,23,81,57,68,78,133,181,6022,4648,12,15
2025,Virginia,ACC,302,218,15,20,32,33,4,6,6,5,14,2,1,132,80,10,14,1,0,324,386,11,25,3348,2738,492,412,315,245,14,10,18,15,74,67,618,598,27106,23294,0,1,289,320,32,24,545,460,29,17,2519,1618,30,18,67,66,116,54,233,193,5867,4356,14,20
2025,Virginia Tech,ACC,227,252,11,10,23,15,6,2,2,6,12,0,0,29,33,9,4,0,0,506,185,27,8,1996,2698,319,348,180,234,4,9,17,18,86,83,771,701,21044,22156,0,1,139,262,18,13,443,421,13,25,2198,1851,19,29,59,67,65,68,165,151,4194,4549,15,6
2025,Wake Forest,ACC,247,242,12,13,22,31,10,11,11,10,13,0,1,8,145,11,4,2,0,526,309,19,14,3090,2690,406,457,232,270,4,11,18,12,96,74,903,667,22679,24121,1,0,254,154,24,13,453,467,23,18,2030,1581,30,17,96,55,76,73,190,205,5120,4271,21,15
2025,Washington,Big Ten,292,231,11,18,20,36,6,5,5,6,13,1,0,202,69,8,14,0,0,537,453,24,19,3178,2745,370,447,255,268,14,8,26,17,80,70,719,584,23069,23731,1,0,171,88,18,8,461,397,30,9,2168,1303,24,33,55,70,78,68,155,178,5346,4048,14,19
2025,Washington State,Pac-12,254,216,15,7,21,21,6,5,5,5,13,0,2,8,293,15,6,0,0,251,375,14,20,2735,2267,407,352,261,224,6,15,19,16,87,85,729,821,25270,21530,0,0,415,43,24,10,436,428,16,15,1683,1653,31,22,68,66,67,58,176,166,4418,3920,21,11
2025,West Virginia,Big 12,225,258,19,19,42,28,7,9,9,6,12,1,0,221,221,11,11,0,1,198,495,10,23,2267,3185,327,390,192,253,11,11,10,28,69,80,672,650,18947,24068,0,0,106,172,12,28,523,474,22,15,1928,1745,29,29,80,69,53,70,179,182,4195,4930,18,20
2025,Western Kentucky,Conference USA,278,268,5,10,15,31,8,5,5,8,13,1,1,99,250,13,9,1,1,378,424,20,17,3538,2919,495,467,325,257,9,13,21,12,81,101,797,880,23082,23724,0,0,9,194,5,25,413,465,23,14,1750,2289,18,23,71,70,84,72,183,205,5288,5208,21,14
2025,Western Michigan,Mid-American,265,231,14,9,32,20,9,12,12,9,14,2,0,213,18,6,12,0,0,655,382,33,24,1939,2519,305,390,185,216,12,6,10,14,64,66,562,582,27365,23035,0,0,106,79,20,11,619,469,31,16,2863,1758,43,22,83,67,77,57,191,181,4802,4277,15,24
2025,Wisconsin,Big Ten,169,203,16,6,24,15,3,1,1,4,12,0,0,17,177,13,5,1,0,537,63,21,5,1637,2619,272,344,157,240,5,13,9,19,43,49,361,420,22052,21148,0,0,93,259,11,26,421,372,9,12,1420,1264,31,28,61,67,50,57,155,150,3057,3883,16,6
2025,Wyoming,Mountain West,212,220,12,11,23,17,6,5,6,6,12,2,0,144,128,12,10,0,0,203,534,12,21,2196,2106,384,345,215,192,10,12,13,15,79,84,675,752,20539,22661,1,2,242,215,21,23,389,441,9,13,1581,2026,15,19,53,72,56,59,166,170,3777,4132,18,15
